Job_Title,Company,Salary,Job_Location,Company_link
Python Developer,Goldsikka Limited,"550,000.00-600,000.00","Hyderabad, Telangana, India",https://in.linkedin.com/company/goldsikkalimited?trk=public_jobs_jserp-result_job-search-card-subtitle
Python Developer,Rapid Technologies,Not specified,"Hyderabad, Telangana, India",https://www.linkedin.com/company/rapidtechnologies?trk=public_jobs_jserp-result_job-search-card-subtitle
Python Developer,Volibits,"500,000.00-1,500,000.00","Hyderabad, Telangana, India",https://in.linkedin.com/company/volibits?trk=public_jobs_jserp-result_job-search-card-subtitle
Python Developer,[x]cube LABS,Not specified,"Hyderabad, Telangana, India",https://www.linkedin.com/company/xcubelabs?trk=public_jobs_jserp-result_job-search-card-subtitle
Python Developer,Fusion Plus Solutions Inc,Not specified,"Hyderabad, Telangana, India",https://www.linkedin.com/company/fusion-plus-solutions-inc?trk=public_jobs_jserp-result_job-search-card-subtitle
Python Developer,Navtech,Not specified,"Hyderabad, Telangana, India",https://www.linkedin.com/company/nav-technologies?trk=public_jobs_jserp-result_job-search-card-subtitle
Python Developer,Fusion Plus Solutions Inc,Not specified,"Hyderabad, Telangana, India",https://www.linkedin.com/company/fusion-plus-solutions-inc?trk=public_jobs_jserp-result_job-search-card-subtitle
Python Developer,Fusion Plus Solutions Inc,Not specified,"Hyderabad, Telangana, India",https://www.linkedin.com/company/fusion-plus-solutions-inc?trk=public_jobs_jserp-result_job-search-card-subtitle
Python Developer,Fusion Plus Solutions Inc,Not specified,"Hyderabad, Telangana, India",https://www.linkedin.com/company/fusion-plus-solutions-inc?trk=public_jobs_jserp-result_job-search-card-subtitle
Python Developer,Chubb,Not specified,"Hyderabad, Telangana, India",https://ch.linkedin.com/company/chubb?trk=public_jobs_jserp-result_job-search-card-subtitle
Python Developer,Intuitive Apps Inc.,Not specified,"Hyderabad, Telangana, India",https://www.linkedin.com/company/intuitive-apps?trk=public_jobs_jserp-result_job-search-card-subtitle
Python Developer,Intuitive Apps Inc.,Not specified,"Hyderabad, Telangana, India",https://www.linkedin.com/company/intuitive-apps?trk=public_jobs_jserp-result_job-search-card-subtitle
Brio - Python Developer - Django/MySQL,Brio Technologies,Not specified,"Hyderabad, Telangana, India",https://in.linkedin.com/company/brio-technologies-private-limited?trk=public_jobs_jserp-result_job-search-card-subtitle
Python Developer,Nixsol Inc,Not specified,"Hyderabad, Telangana, India",https://www.linkedin.com/company/nixsol-inc?trk=public_jobs_jserp-result_job-search-card-subtitle
Python Developer,Fusion Plus Solutions Inc,Not specified,"Hyderabad, Telangana, India",https://www.linkedin.com/company/fusion-plus-solutions-inc?trk=public_jobs_jserp-result_job-search-card-subtitle
Python Developer,TRIAD TECHNO SERVICES,Not specified,"Hyderabad, Telangana, India",https://www.linkedin.com/company/fusion-plus-solutions-inc?trk=public_jobs_jserp-result_job-search-card-subtitle
Python Developer,Fusion Plus Solutions Inc,Not specified,"Hyderabad, Telangana, India",https://www.linkedin.com/company/fusion-plus-solutions-inc?trk=public_jobs_jserp-result_job-search-card-subtitle
Python Backend Developer,Feuji Inc,Not specified,"Hyderabad, Telangana, India",https://www.linkedin.com/company/feuji-inc?trk=public_jobs_jserp-result_job-search-card-subtitle
Python Developer,Mutual Mobile | A Grid Dynamics Company,"400,000.00-2,000,000.00","Hyderabad, Telangana, India",https://www.linkedin.com/company/mutualmobile?trk=public_jobs_jserp-result_job-search-card-subtitle
Python Developer,Acme Services,Not specified,"Hyderabad, Telangana, India",https://in.linkedin.com/company/acmeservices?trk=public_jobs_jserp-result_job-search-card-subtitle
Python Developer,Mutual Mobile | A Grid Dynamics Company,"300,000.00-1,700,000.00","Hyderabad, Telangana, India",https://www.linkedin.com/company/mutualmobile?trk=public_jobs_jserp-result_job-search-card-subtitle
Python Developer,ValueLabs,Not specified,"Hyderabad, Telangana, India",https://in.linkedin.com/company/valuelabs?trk=public_jobs_jserp-result_job-search-card-subtitle
Junior Python Test Engineer,Red Embedded,Not specified,"Hyderabad, Telangana, India",https://uk.linkedin.com/company/red-embedded?trk=public_jobs_jserp-result_job-search-card-subtitle
Python Developer,Code Connex Private Limited,"100,000.00-9,280,000.00","Hyderabad, Telangana, India",https://in.linkedin.com/company/code-connex-private-limited?trk=public_jobs_jserp-result_job-search-card-subtitle
Python developer,Ampstek,Not specified,"Hyderabad, Telangana, India",https://www.linkedin.com/company/ampstek?trk=public_jobs_jserp-result_job-search-card-subtitle
